source,sourceSha256,nodes,edges,reachable,unreachable,components,orphanSequences,sourceStatements,sourceStatementsAnyReachable,sourceStatementsOnlyUnreachable,sourceStatementsWithoutOperation,frontendGaps,programOccurrences,programOccurrencesWithCandidates,executableFileSites,executableFileSitesWithCandidates,sourceFileOccurrences,status
app/app-vsam-mq/cbl/COACCT01.cbl,92776ed2801da1148839a9ed98b6537de4b41e0c7f050c8dcaae0d4e4ea543b5,32145,34750,13906,18239,1,1,205,204,0,1,551,9,9,5,2,0,PARTIAL
app/app-vsam-mq/cbl/CODATE01.cbl,97fcba3faa272c98778eb7ef50ef87faec7290168e24a9b1714996453d660ddb,17440,18850,8024,9416,1,1,182,181,0,1,479,9,9,0,0,0,PARTIAL
app/app-transaction-type-db2/cbl/COTRTLIC.cbl,916a5fe2279ad626147990d8f86fac1e4b296f827889485b020cc310b5323601,5656,6918,5656,0,1,0,632,626,0,6,1331,3,3,0,0,0,PARTIAL
app/cbl/COACTUPC.cbl,b5bb7d6ccad022e0fc91b4dd1e971f49d184adf89b56abdce14eccff35b39396,5037,6293,5037,0,1,0,1415,1379,0,36,2707,2,2,14,14,0,PARTIAL
samples/m2/unikix/UniKix_CardDemo_runtime_v1.zip!/migrated_app/cbl/COACTUPC.cl2,e944b2b469cf737296489e87158801cfe1a174e2965b5bb9ad5006fc65a2b176,4968,6199,4968,0,1,0,1400,1364,0,36,2691,2,2,14,14,0,PARTIAL
app/cbl/COTRN02C.cbl,dc33b4c797a98d2732070a223f43cc78992c2846681163a032e376630742b1ed,2353,2441,2353,0,1,0,300,251,0,49,860,3,3,12,12,0,PARTIAL
samples/m2/unikix/UniKix_CardDemo_runtime_v1.zip!/migrated_app/cbl/COTRN02C.cl2,dc33b4c797a98d2732070a223f43cc78992c2846681163a032e376630742b1ed,2353,2441,2353,0,1,0,300,251,0,49,860,3,3,12,12,0,PARTIAL
app/app-authorization-ims-db2-mq/cbl/COPAUS0C.cbl,7ab6dadad6d9d738f6a0cb402f394c25ccda5f7fef26ad644feeb76c11065254,2292,2524,2292,0,1,0,370,369,0,1,1085,2,2,6,6,0,PARTIAL
app/cbl/COTRN00C.cbl,51479f131b4fb300008403f0c4f9fdbde56f22a7fb341c782492da29f0d23bbe,1910,2129,1910,0,1,0,294,289,0,5,935,2,2,16,16,0,PARTIAL
samples/m2/unikix/UniKix_CardDemo_runtime_v1.zip!/migrated_app/cbl/COTRN00C.cl2,51479f131b4fb300008403f0c4f9fdbde56f22a7fb341c782492da29f0d23bbe,1910,2129,1910,0,1,0,294,289,0,5,935,2,2,16,16,0,PARTIAL
app/cbl/COUSR00C.cbl,831433c6ec8306038c85cb86a8307f91dca48c26ef33a997f402187cbd9f4e04,1836,2051,1836,0,1,0,288,283,0,5,923,3,3,16,16,0,PARTIAL
samples/m2/unikix/UniKix_CardDemo_runtime_v1.zip!/migrated_app/cbl/COUSR00C.cl2,831433c6ec8306038c85cb86a8307f91dca48c26ef33a997f402187cbd9f4e04,1836,2051,1836,0,1,0,288,283,0,5,923,3,3,16,16,0,PARTIAL
app/app-transaction-type-db2/cbl/COTRTUPC.cbl,c16e40c391c0ad2d3e797a0e01144ef5b78d3b0db0a1771411a95a9d08b01f67,1600,1984,1600,0,1,0,436,434,0,2,859,1,1,0,0,0,PARTIAL
app/cbl/CBTRN03C.cbl,8691e625502b7efcfd7ba4ae61797132e7b68f3fd5fedcdcc7dd6488f6871eef,1265,1423,1265,0,1,0,315,315,0,0,777,1,1,33,33,18,PARTIAL
samples/m2/unikix/UniKix_CardDemo_runtime_v1.zip!/migrated_app/cbl/CBTRN03C.cbl,c9c5428073cbe19c1cd19fc066ed99972560c209a80b4aea3bae3cc5e20a3536,1265,1423,1265,0,1,0,315,315,0,0,775,1,1,33,33,18,PARTIAL
app/cbl/CORPT00C.cbl,0b06bd5d4f38f17871de8985c439dfce7ed30d28e02b6ffeb8459e0cd8db4fc2,1230,1308,1230,0,1,0,220,220,0,0,587,3,3,0,0,0,PARTIAL
samples/m2/unikix/UniKix_CardDemo_runtime_v1.zip!/migrated_app/cbl/CORPT00C.cl2,0b06bd5d4f38f17871de8985c439dfce7ed30d28e02b6ffeb8459e0cd8db4fc2,1230,1308,1230,0,1,0,220,220,0,0,587,3,3,0,0,0,PARTIAL
app/cbl/COUSR02C.cbl,85d36699cbd3079320e689576ea8406d07ad78901f4f3a68a129b869359b46ca,1114,1162,1114,0,1,0,148,148,0,0,430,1,1,6,6,0,PARTIAL
samples/m2/unikix/UniKix_CardDemo_runtime_v1.zip!/migrated_app/cbl/COUSR02C.cl2,85d36699cbd3079320e689576ea8406d07ad78901f4f3a68a129b869359b46ca,1114,1162,1114,0,1,0,148,148,0,0,430,1,1,6,6,0,PARTIAL
app/app-authorization-ims-db2-mq/cbl/COPAUS1C.cbl,27a969cbee69426fa1056053e676041430e99399912f0e27ee1f1a454093c21e,1088,1168,1088,0,1,0,193,169,0,24,516,2,2,0,0,0,PARTIAL
app/cbl/COCRDUPC.cbl,c245cf383a4a3f721773a13ca231eb76bd5ae75c1830d58c7aba898a554a0de9,984,1244,984,0,1,0,488,486,0,2,912,1,1,4,4,0,PARTIAL
samples/m2/unikix/UniKix_CardDemo_runtime_v1.zip!/migrated_app/cbl/COCRDUPC.cl2,3ffeeb3d3c53e64e632bde36771dbbcf080e92ed4168d30d90c21e4dc198e6ef,984,1244,984,0,1,0,488,486,0,2,912,1,1,4,4,0,PARTIAL
app/cbl/COBIL00C.cbl,b5c46039eb8fd2f7ed7d3ca379172e56fa87385a369023bef706b04986fe1cfb,972,1014,972,0,1,0,190,137,0,53,539,1,1,10,10,0,PARTIAL
samples/m2/unikix/UniKix_CardDemo_runtime_v1.zip!/migrated_app/cbl/COBIL00C.cl2,b5c46039eb8fd2f7ed7d3ca379172e56fa87385a369023bef706b04986fe1cfb,972,1014,972,0,1,0,190,137,0,53,539,1,1,10,10,0,PARTIAL
app/app-authorization-ims-db2-mq/cbl/COPAUA0C.cbl,224856ce6ef1b7417aefcec033a36a9315c0005decf9f11d21d11e9240e3f8fa,959,1057,957,2,1,1,344,342,0,2,649,4,4,3,3,0,PARTIAL
app/cbl/COCRDLIC.cbl,d6a9210ad3062bd657881fc3f0d2a7368db3ff4869594e0d6a878d8f410d87b6,836,1007,836,0,1,0,500,469,0,31,976,3,3,18,18,0,PARTIAL
samples/m2/unikix/UniKix_CardDemo_runtime_v1.zip!/migrated_app/cbl/COCRDLIC.cl2,d6a9210ad3062bd657881fc3f0d2a7368db3ff4869594e0d6a878d8f410d87b6,836,1007,836,0,1,0,500,469,0,31,976,3,3,18,18,0,PARTIAL
app/cbl/CBTRN02C.cbl,708f3cadc555acab63f11e2f3238f5372ac7180e6b01197bf960d96bf0d2e83f,759,854,759,0,1,0,339,339,0,0,802,1,1,21,21,21,PARTIAL
samples/m2/unikix/UniKix_CardDemo_runtime_v1.zip!/migrated_app/cbl/CBTRN02C.cbl,136ab808a10d01814269a4a29bd6c249b1b86952d0abded98419458db43f2aef,759,854,759,0,1,0,339,339,0,0,800,1,1,21,21,21,PARTIAL
app/cbl/CBACT04C.cbl,5084bb8b0c9a0f0199f737487ae1863f12e43cabbdc459a62b6b67bedc683cc4,704,792,704,0,1,0,294,294,0,0,836,1,1,18,18,17,PARTIAL
samples/m2/unikix/UniKix_CardDemo_runtime_v1.zip!/migrated_app/cbl/CBACT04C.cbl,76dea08b410b653ee2fa967c564e9f2e992b7c09f52b2d1fbb5a212149aefbce,704,792,704,0,1,0,294,294,0,0,834,1,1,18,18,17,PARTIAL
app/cbl/COUSR03C.cbl,bcd68f08c145b3b9b9c809a7082834e9519d78b6f363a0d1c5ff9d9576dcf888,631,655,631,0,1,0,115,115,0,0,347,1,1,4,4,0,PARTIAL
samples/m2/unikix/UniKix_CardDemo_runtime_v1.zip!/migrated_app/cbl/COUSR03C.cl2,bcd68f08c145b3b9b9c809a7082834e9519d78b6f363a0d1c5ff9d9576dcf888,631,655,631,0,1,0,115,115,0,0,347,1,1,4,4,0,PARTIAL
app/cbl/COCRDSLC.cbl,d5af307fb4b1a155f03df9eea14b402d866a332360e14a1e37dbefe59b73363b,545,657,545,0,1,0,263,240,0,23,508,1,1,2,2,0,PARTIAL
samples/m2/unikix/UniKix_CardDemo_runtime_v1.zip!/migrated_app/cbl/COCRDSLC.cl2,d5af307fb4b1a155f03df9eea14b402d866a332360e14a1e37dbefe59b73363b,545,657,545,0,1,0,263,240,0,23,508,1,1,2,2,0,PARTIAL
app/cbl/CBEXPORT.cbl,598e3c9055b96b79266910e080bc24048eb308ee61afc828c06dbade9f501d38,533,600,533,0,1,0,224,224,0,0,536,1,1,27,27,22,PARTIAL
app/cbl/CBTRN01C.cbl,55c2aebd59528aa42b28878ba5ca4d17a00b3548fc25e4ce1529710d366fd576,496,559,496,0,1,0,216,216,0,0,500,1,1,15,15,15,PARTIAL
samples/m2/unikix/UniKix_CardDemo_runtime_v1.zip!/migrated_app/cbl/CBTRN01C.cbl,18cebdd95bff49b5316c271204fb20f59d2dd72615bc1715498c9cc8a50187f7,496,559,496,0,1,0,216,216,0,0,498,1,1,15,15,15,PARTIAL
app/cbl/COACTVWC.cbl,4f1e55176f69edfb55b7af7a161aceb8c3bc3bd1b2924a704a76256e0e751b54,484,565,484,0,1,0,275,265,0,10,527,1,1,3,3,0,PARTIAL
samples/m2/unikix/UniKix_CardDemo_runtime_v1.zip!/migrated_app/cbl/COACTVWC.cl2,4f1e55176f69edfb55b7af7a161aceb8c3bc3bd1b2924a704a76256e0e751b54,484,565,484,0,1,0,275,265,0,10,527,1,1,3,3,0,PARTIAL
app/cbl/CBACT01C.cbl,f8eb6e3a561ff96a1889a8f777a8998850a11dddae221da2c5018067d7b95551,403,449,403,0,1,0,190,190,0,0,453,2,2,10,10,10,PARTIAL
app/cbl/COTRN01C.cbl,fc24ff879ac6ae12bc6817554cb756f14c5e86e0ca2dd0037af49599887f03c0,396,413,396,0,1,0,95,95,0,0,256,1,1,2,2,0,PARTIAL
samples/m2/unikix/UniKix_CardDemo_runtime_v1.zip!/migrated_app/cbl/COTRN01C.cl2,fc24ff879ac6ae12bc6817554cb756f14c5e86e0ca2dd0037af49599887f03c0,396,413,396,0,1,0,95,95,0,0,256,1,1,2,2,0,PARTIAL
app/cbl/CBIMPORT.cbl,0eccb28695cb3a8ea6f6ea7da26d1b48a4529787f6130b2c98bead33bc661967,388,438,388,0,1,0,175,175,0,0,374,1,1,22,22,21,PARTIAL
app/cbl/COUSR01C.cbl,aa131b1e3382dc6d101b42f1c97d4fb0c2fdd706819ed9f9a0187c82b30f3019,348,360,348,0,1,0,94,94,0,0,274,1,1,1,1,0,PARTIAL
samples/m2/unikix/UniKix_CardDemo_runtime_v1.zip!/migrated_app/cbl/COUSR01C.cl2,aa131b1e3382dc6d101b42f1c97d4fb0c2fdd706819ed9f9a0187c82b30f3019,348,360,348,0,1,0,94,94,0,0,274,1,1,1,1,0,PARTIAL
app/cbl/COMEN01C.cbl,c77747b4caaf00b45177a6449562b7f59ec336db832937595edef8b32fdce6fa,314,387,314,0,1,0,91,91,0,0,254,3,1,0,0,0,PARTIAL
samples/m2/unikix/UniKix_CardDemo_runtime_v1.zip!/migrated_app/cbl/COMEN01C.cl2,ad5e376ac9221b21b8ce47597a5ca17fc1f39dc913793c814c6675e9b046fc09,303,375,303,0,1,0,81,81,0,0,226,2,1,0,0,0,PARTIAL
app/cbl/COSGN00C.cbl,4f901ae6b113eebae60ae1d94b30f8cb9906d031a4419770bf56980bdf97e377,248,255,248,0,1,0,71,71,0,0,182,2,2,1,1,0,COMPLETE
samples/m2/unikix/UniKix_CardDemo_runtime_v1.zip!/migrated_app/cbl/COSGN00C.cl2,4f901ae6b113eebae60ae1d94b30f8cb9906d031a4419770bf56980bdf97e377,248,255,248,0,1,0,71,71,0,0,182,2,2,1,1,0,COMPLETE
app/cbl/COADM01C.cbl,4e49afda5f685f3ebeb95ed04a93cf88df93d39c66d8d7f9ba2b9a3e00a1f690,244,294,244,0,1,0,80,75,0,5,219,2,1,0,0,0,PARTIAL
samples/m2/unikix/UniKix_CardDemo_runtime_v1.zip!/migrated_app/cbl/COADM01C.cl2,69842c4dd419ed70365682d65423d2744173f3eec695b25b5ed27bd29289608d,243,293,243,0,1,0,74,74,0,0,206,2,1,0,0,0,PARTIAL
app/app-authorization-ims-db2-mq/cbl/CBPAUP0C.cbl,309468a5c4745f92c6dcf6ed28b396334b2f131ced78eb43eda962a63d2b174e,180,210,180,0,1,0,110,109,0,1,270,0,0,0,0,0,COMPLETE
app/cbl/CBSTM03B.CBL,ac004f7f40dcb3f2a14dfb83a743f83fed9383675bc93452f3424c40cb6475a7,152,183,152,0,1,0,53,53,0,0,93,0,0,12,12,12,PARTIAL
samples/m2/unikix/UniKix_CardDemo_runtime_v1.zip!/migrated_app/cbl/CBSTM03B.cbl,c183707f0dae0b5e9387373fc3624f0462ad95ccbbb6c8a34167591e206bcbf8,152,183,152,0,1,0,53,53,0,0,93,0,0,12,12,12,PARTIAL
app/app-authorization-ims-db2-mq/cbl/PAUDBLOD.CBL,5694a2ed8a12dd4dc82717b401c655866a0e1f9abb0acf395151ead2b0cb31a7,149,175,149,0,1,0,88,86,0,2,178,3,3,6,6,6,PARTIAL
samples/m2/unikix/UniKix_CardDemo_runtime_v1.zip!/migrated_app/cbl/CBACT01C.cbl,426cf9bd190b777104bb964e9d5a2929197ed7621f8b334f229ef12e60e63966,133,150,133,0,1,0,77,77,0,0,174,1,1,3,3,3,PARTIAL
app/app-authorization-ims-db2-mq/cbl/PAUDBUNL.CBL,cf174417cd833193fec178a782fa8d7cabb95da9a8c2ca709af598c45f485625,131,151,131,0,1,0,73,71,0,2,134,2,2,6,6,6,PARTIAL
app/app-transaction-type-db2/cbl/COBTUPDT.cbl,0213fd5718c6aadd3fba6bbfb1818456d75d10843181bff63aca9ff57d39e87c,121,141,120,1,2,0,58,58,0,0,149,0,0,4,4,3,PARTIAL
app/cbl/CBACT03C.cbl,ee1019bc3ef7bc4e0f807b6e9b7167c9386ee7c2f647c63dfddc6fc464487855,120,137,120,0,1,0,64,64,0,0,149,1,1,3,3,3,PARTIAL
app/cbl/CBCUS01C.cbl,233dbc3bc33a3b9ac555922085a92be56e88d16316bff624b5723c4c36c99714,120,137,120,0,1,0,64,64,0,0,149,1,1,3,3,3,PARTIAL
samples/m2/unikix/UniKix_CardDemo_runtime_v1.zip!/migrated_app/cbl/CBACT03C.cbl,2e16c29ee12fd20eec4500278f49d1430fe6aec4dd0a0963188ed62ccce9e171,120,137,120,0,1,0,64,64,0,0,147,1,1,3,3,3,PARTIAL
samples/m2/unikix/UniKix_CardDemo_runtime_v1.zip!/migrated_app/cbl/CBCUS01C.cbl,494b1ca4ab8a4334eef77d2b87cc7df266f80cbeab2a3f191e9c776d4437d497,120,137,120,0,1,0,64,64,0,0,147,1,1,3,3,3,PARTIAL
app/cbl/CBACT02C.cbl,d290cbbbec1e25859847d9dfe6b28040cd6b09c3b71747e39de7b4713d838e76,119,136,119,0,1,0,63,63,0,0,147,1,1,3,3,3,PARTIAL
samples/m2/unikix/UniKix_CardDemo_runtime_v1.zip!/migrated_app/cbl/CBACT02C.cbl,f81506881aec5d44d340d8b125efe67e2b355343c8893ab6bc95e2cb72c292b7,119,136,119,0,1,0,63,63,0,0,145,1,1,3,3,3,PARTIAL
app/cbl/CBSTM03A.CBL,23c8753b6b4e0c24d4560c83861fe8162626bab195faec0fe88cf80b8bf432b5,100,114,100,0,1,0,424,80,0,344,661,14,14,2,2,99,PARTIAL
samples/m2/unikix/UniKix_CardDemo_runtime_v1.zip!/migrated_app/cbl/CSUTLDTC.cbl,05565b6ca61098097391bd6ae14268eb122d41c76570d2336253b0cdb5a961fa,85,105,84,1,2,1,29,29,0,0,57,1,1,0,0,0,COMPLETE
samples/m2/unikix/UniKix_CardDemo_runtime_v1.zip!/migrated_app/cbl/CBSTM03A.cbl,382c4131561a7843704fb84212c5d15b69ed5fa7b69101ee999680880a1d8879,82,93,82,0,1,0,407,63,0,344,624,14,14,2,2,99,PARTIAL
app/app-authorization-ims-db2-mq/cbl/DBUNLDGS.CBL,13c409d1b14b52c4d334c9297aaa7dafa209901569f809127f3831d780722e33,79,89,79,0,1,0,67,65,0,2,139,4,4,0,0,0,COMPLETE
app/cbl/CSUTLDTC.cbl,58c165dcfc3927232c02c152c673e3dee551587b85e7fe56ca67325c980eebb6,69,85,68,1,2,1,27,27,0,0,39,1,1,0,0,0,COMPLETE
app/app-authorization-ims-db2-mq/cbl/COPAUS2C.cbl,57232060f8bdaecc679b74e93fcf91d93cffd400326c001bd187ab5fad14789e,61,63,61,0,1,0,56,56,0,0,84,0,0,0,0,0,PARTIAL
app/cbl/COBSWAIT.cbl,38a8d28235e58509776f5c8c74c113d5848a7ac68fab753c55ab887221c3b43a,7,5,6,1,2,0,4,4,0,0,9,1,1,0,0,0,COMPLETE
samples/m2/unikix/UniKix_CardDemo_runtime_v1.zip!/migrated_app/cbl/SDSF.cbl,d01b013e55ef4f7b76044ef98fa30fa077ec8d0a6847efab7f2c466087264027,4,3,4,0,1,0,2,2,0,0,1,0,0,0,0,0,COMPLETE
